PROD_ID,MEAN,STD
P1,1417.6774291938996,87.58324734835969
P2,713.8768626198083,79.94628834257492
P3,1300.1862426614482,115.60255430540087
P4,504.97435314685305,54.22246646740185
P5,813.2954529914531,131.2879044738647
P6,1757.779064516129,191.94409312619607
P7,744.0711359026368,75.50846431147039
P8,444.33974857142863,61.367843139232335
P9,443.2149401197605,64.25873368670517
